,movie_name,imdb_id,release_date,cast,direction,production_companies,movie_budget,movie_revenue,film_series,film_series_cluster,cast_similarity,1,2,3,4,5,6,7,8,9,10,mean_score,median_score,crit_score
1,guardians-of-the-galaxy-vol.-3,tt6791350,2023-05-03,"{'Chris Pratt': 'Peter Quill / Star-Lord', 'Zoe Saldaña': 'Gamora', 'Dave Bautista': 'Drax the Destroyer', 'Karen Gillan': 'Nebula', 'Pom Klementieff': 'Mantis', 'Vin Diesel': 'Groot (voice)', 'Bradley Cooper': 'Rocket (voice)', 'Sean Gunn': 'Kraglin / Young Rocket (voice)', 'Chukwudi Iwuji': 'The High Evolutionary', 'Will Poulter': 'Adam Warlock', 'Maria Bakalova': 'Cosmo (voice)', 'Elizabeth Debicki': 'Ayesha', 'Sylvester Stallone': 'Stakar Ogord', 'Stephen Blackehart': 'Steemie Blueliver', 'Terence Rosemore': 'Xlomo Smeth', 'Sarah Alami': 'Ssssaralami', 'Nico Santos': 'Recorder Theel', 'Miriam Shor': 'Recorder Vim', 'Linda Cardellini': 'Lylla', 'Asim Chaudhry': 'Teefs', 'Mikaela Hoover': 'Floor', 'Judy Greer': 'War Pig (voice)', 'Tara Strong': 'Mainframe (voice)', 'Michael Rosenbaum': 'Martinex', 'Molly C. Quinn': 'Molly Ravager', 'Gerardo Davila': 'Fitz-Gibbonok', 'Dee Bradley Baker': 'Blurp (voice)', 'Jennifer Holland': 'Administrator Kwol', 'Nathan Fillion': 'Master Karja', 'Benjamin Byron Davis': 'Bletelsnort', 'Tiffany Smith': 'Orgocorp Host Friniki', 'Daniela Melchior': 'Ura', 'Renae Moneymaker': 'Violent Orgosentry', 'Darla Delgado': 'Neelie', 'Randy Havens': 'Till', 'Kai Zen': 'Phyla', 'Lloyd Kaufman': 'Gridlemop (voice)', 'Seth Green': 'Howard the Duck (voice)', 'Christopher Fairbank': 'Broker', 'Natalia Safran': 'Controller', 'Michael Rooker': 'Yondu Udonta', 'James Gunn': 'Lamb-Shank (voice)', 'Pete Davidson': 'Phlektik', 'Karen Abercrombie': 'Grandma Quill', 'Gregg Henry': 'Grandpa Quill', 'Clare Grant': 'Crying Krylorian Citizen'}",['James Gunn'],"['Marvel Studios', 'Kevin Feige Productions']",250000000,845430302,9,2,0.8230592060696383,0.02830350997935306,0.024260151410874054,0.013506538196834136,0.02709910529938059,0.019012388162422574,0.04456297315898142,0.047401927047487954,0.1157088781830695,0.12069855471438404,0.5594459738472126,8.526410874053681,10.0,0.8170426065162908
2,spider-man-no-way-home,tt10872600,2021-12-15,"{'Tom Holland': 'Peter Parker / Spider-Man', 'Zendaya': ""Michelle 'MJ' Jones"", 'Benedict Cumberbatch': 'Stephen Strange / Doctor Strange', 'Jacob Batalon': 'Ned Leeds', 'Jon Favreau': ""Harold 'Happy' Hogan"", 'Jamie Foxx': 'Max Dillon / Electro', 'Willem Dafoe': 'Norman Osborn / Green Goblin', 'Alfred Molina': 'Dr. Otto Octavius / Doctor Octopus', 'Benedict Wong': 'Wong', 'Tony Revolori': ""Eugene 'Flash' Thompson"", 'Marisa Tomei': 'May Parker', 'Andrew Garfield': 'Peter Parker / Spider-Man', 'Tobey Maguire': 'Peter Parker / Spider-Man', 'Angourie Rice': 'Betty Brant', 'Arian Moayed': 'Agent Cleary', 'Paula Newsome': 'MIT Assistant Vice Chancellor', 'Hannibal Buress': 'Coach Wilson', 'Martin Starr': 'Mr. Harrington', 'J.B. Smoove': 'Mr. Dell', 'J.K. Simmons': 'J. Jonah Jameson', 'Rhys Ifans': 'Dr. Curt Connors / The Lizard', 'Charlie Cox': 'Matt Murdock', 'Thomas Haden Church': 'Flint Marko / Sandman', 'Rudy Eisenzopf': 'Arena Bystander', 'Gary Weeks': 'Agent Foster', 'Glenn Keogh': 'British Reporter', 'Jwaundace Candece': 'Damage Control Agent', 'Tom Hardy': 'Eddie Brock / Venom (uncredited)', 'Jake Gyllenhaal': 'Mysterio / Quentin Beck (archive footage) (uncredited)', 'Harry Holland': 'Shaker Kid (uncredited)'}",['Jon Watts'],"['Marvel Studios', 'Pascal Pictures', 'Columbia Pictures']",200000000,1921847111,5,7,0.5495190353610622,0.0370642587148257,0.018164636707265855,0.01868962620747585,0.02393952120957581,0.02981940361192776,0.05113397732045359,0.061633767324653504,0.09124317513649727,0.12925241495170098,0.5390592188156237,8.396367072658547,10.0,0.9280742459396751
3,avengers-infinity-war,tt4154756,2018-04-25,"{'Robert Downey Jr.': 'Tony Stark / Iron Man', 'Chris Hemsworth': 'Thor Odinson', 'Mark Ruffalo': 'Bruce Banner / Hulk', 'Chris Evans': 'Steve Rogers / Captain America', 'Scarlett Johansson': 'Natasha Romanoff / Black Widow', 'Benedict Cumberbatch': 'Stephen Strange / Doctor Strange', 'Tom Holland': 'Peter Parker / Spider-Man', 'Chadwick Boseman': ""T'Challa / Black Panther"", 'Don Cheadle': ""James 'Rhodey' Rhodes / War Machine"", 'Zoe Saldaña': 'Gamora', 'Karen Gillan': 'Nebula', 'Elizabeth Olsen': 'Wanda Maximoff / Scarlet Witch', 'Paul Bettany': 'Vision', 'Anthony Mackie': 'Sam Wilson / Falcon', 'Sebastian Stan': ""James 'Bucky' Barnes / Winter Soldier"", 'Tom Hiddleston': 'Loki', 'Idris Elba': 'Heimdall', 'Danai Gurira': 'Okoye', 'Peter Dinklage': 'Eitri', 'Benedict Wong': 'Wong', 'Pom Klementieff': 'Mantis', 'Dave Bautista': 'Drax', 'Vin Diesel': 'Groot (voice)', 'Bradley Cooper': 'Rocket (voice)', 'Gwyneth Paltrow': ""Virginia 'Pepper' Potts"", 'Benicio del Toro': 'Taneleer Tivan / The Collector', 'Josh Brolin': 'Thanos', 'Chris Pratt': 'Peter Quill / Star-Lord', 'Sean Gunn': 'On-Set Rocket', 'William Hurt': ""Secretary of State Thaddeus 'Thunderbolt' Ross"", 'Letitia Wright': 'Shuri', 'Terry Notary': 'Cull Obsidian / On-Set Groot', 'Tom Vaughan-Lawlor': 'Ebony Maw', 'Carrie Coon': 'Proxima Midnight (voice)', 'Stan Lee': 'Bus Driver', 'Winston Duke': ""M'Baku"", 'Florence Kasumba': 'Ayo', 'Kerry Condon': 'Friday (voice)', 'Monique Ganderton': 'On-Set Proxima Midnight', 'Jacob Batalon': 'Ned Leeds', 'Tiffany Espensen': 'Cindy', 'Ethan Dizon': 'Tiny', 'Ariana Greenblatt': 'Young Gamora', 'Ross Marquand': 'Johann Schmidt / Red Skull (Stonekeeper)', 'Stephen McFeely': ""Secretary Ross' Aide"", 'Aaron Lazar': 'Doctor Strange Double', 'Robert Pralgo': 'Thanos Reader', 'Matthew Zuk': 'Street Pedestrian #2', 'Kenneth Branagh': 'Asgardian Distress Call (voice) (uncredited)', 'Samuel L. Jackson': 'Nick Fury (uncredited)', 'Cobie Smulders': 'Maria Hill (uncredited)', 'Harrison Osterfield': 'Boy on Bus (uncredited)'}","['Anthony Russo', 'Joe Russo']",['Marvel Studios'],300000000,2052415039,6,1,0.7795691640699092,0.043034853748739214,0.016698419813963913,0.015913930292502522,0.019612238036534797,0.028689902499159474,0.037431357166872126,0.05435391684411073,0.10590608539728791,0.17774291157682393,0.5006163846240054,8.404236243415891,10.0,0.8516260162601625
4,ant-man-and-the-wasp-quantumania,tt10954600,2023-02-15,"{'Paul Rudd': 'Scott Lang / Ant-Man', 'Evangeline Lilly': 'Hope van Dyne / The Wasp', 'Jonathan Majors': 'Kang the Conqueror', 'Kathryn Newton': 'Cassie Lang', 'Michelle Pfeiffer': 'Janet van Dyne', 'Michael Douglas': 'Dr. Hank Pym', 'Corey Stoll': 'M.O.D.O.K.', 'Bill Murray': 'Lord Krylar', 'William Jackson Harper': 'Quaz', 'David Dastmalchian': 'Veb (voice)', ""Katy O'Brian"": 'Jentorra', 'Randall Park': 'Jimmy Woo', 'Ross Mullan': ""Axia Restaurant Maitre D'"", 'Russell Balogh': 'Nomad Leader', 'Patricia Belcher': 'Ant-Man Fan', 'Ruben Rabasa': 'Café Owner', 'Gregg Turkington': 'Dale', 'Ryan Bergara': 'Toasting Man', 'Marielle Scott': 'Toasting Woman', 'Dey Young': 'Woman with Dog', 'Alan Heitz': 'Waitstaff', 'Roger Craig Smith': 'Quantumnaut Voices (voice)', 'Matthew Wood': 'Quantumnaut Voices (voice)', 'Tom Hiddleston': 'Loki (uncredited)', 'Owen Wilson': 'Mobius M. Mobius (uncredited)', 'Abby Ryder Fortson': 'Cassie Lang (archive footage) (uncredited)'}",['Peyton Reed'],"['Marvel Studios', 'Kevin Feige Productions']",200000000,476071180,4,4,0.5462674434358488,0.07033038927052666,0.046941445861956164,0.03925417075564279,0.06297023225384364,0.051848217206411515,0.09551848217206411,0.10484134772652928,0.17206411514556755,0.0775269872423945,0.2787046123650638,6.961400065423618,8.0,0.45721271393643037
5,black-panther-wakanda-forever,tt9114286,2022-11-09,"{'Letitia Wright': 'Shuri / Black Panther', ""Lupita Nyong'o"": 'Nakia', 'Danai Gurira': 'Okoye', 'Winston Duke': ""M'Baku"", 'Dominique Thorne': 'Riri Williams / Ironheart', 'Tenoch Huerta Mejía': 'Namor', 'Angela Bassett': 'Ramonda', 'Florence Kasumba': 'Ayo', 'Michaela Coel': 'Aneka', 'Mabel Cadena': 'Namora', 'Lake Bell': 'Dr. Graham', 'Robert John Burke': 'Smitty', 'Danny Sapani': 'Border Tribe Elder', 'Isaach De Bankolé': 'River Tribe Elder', 'Connie Chiume': 'Zawavari', 'Martin Freeman': 'Everett Ross', 'Julia Louis-Dreyfus': 'Valentina Allegra de Fontaine', 'Richard Schiff': 'U.S. Secretary of State', 'Michael B. Jordan': ""N'Jadaka / Erik 'Killmonger' Stevens"", 'Sope Aluko': 'Sope the Shaman', 'Trevor Noah': 'Griot (voice)', 'Shawn Roberts': 'WDG Scientist', 'Gigi Bermingham': 'French Secretary of State', 'Justin James Boykin': 'Cargo Ship Helo Pilot', 'Anderson Cooper': 'Anderson Cooper', 'Alan Wells': 'Federal Agent', 'Sal Lopez': 'Yucatan Elder', 'Irma Estella La Guerre': ""Namor's Mother (Older)"", 'Juan Carlos Cantu': 'Friar', 'Chadwick Boseman': ""T'Challa / Black Panther (archive footage) (uncredited)""}",['Ryan Coogler'],['Marvel Studios'],250000000,859102154,3,10,0.2574176940793928,0.05661688086141021,0.03924973949287947,0.026658562000694684,0.04402570336922543,0.0376866967697117,0.06295588746092393,0.050538381382424453,0.08744355679055228,0.0740708579367836,0.5207537339353943,7.884855852726641,10.0,0.8359550561797753
6,thor-love-and-thunder,tt10648342,2022-07-06,"{'Chris Hemsworth': 'Thor Odinson', 'Natalie Portman': 'Jane Foster / The Mighty Thor', 'Christian Bale': 'Gorr', 'Tessa Thompson': 'King Valkyrie', 'Taika Waititi': 'Korg / Old Kronan God (voice)', 'Jaimie Alexander': 'Sif', 'Russell Crowe': 'Zeus', 'Chris Pratt': 'Peter Quill / Star-Lord', 'Karen Gillan': 'Nebula', 'Dave Bautista': 'Drax', 'Pom Klementieff': 'Mantis', 'Sean Gunn': 'Kraglin / On-Set Rocket', 'Vin Diesel': 'Groot (voice)', 'Bradley Cooper': 'Rocket (voice)', 'Idris Elba': 'Heimdall', 'Kat Dennings': 'Darcy Lewis', 'Brett Goldstein': 'Hercules', 'Stellan Skarsgård': 'Erik Selvig', 'Luke Hemsworth': 'Actor Thor', 'Matt Damon': 'Actor Loki', 'Sam Neill': 'Actor Odin', 'Melissa McCarthy': 'Actor Hela', 'Ben Falcone': 'Asgardian Stage Manager', 'Stephen Curry': 'King Yakan', 'Simon Russell Beale': 'Dionysus', 'Jonny Brugh': 'Rapu', 'Brooke Satchwell': 'Indigarrian Woman Glenda', 'Elsa Pataky': 'Wolf Woman', 'Eliza Matengu': ""Grace (Axl's Mother)"", 'Alan Dukes': 'US Delegate', 'Nico Cortez': 'Aztec God', 'Priscilla Doueihy': 'Artemis God', 'Indiana Evans': 'Zeusette', 'Ava Caryofyllis': 'Young Jane', 'Ben Sinclair': 'Science Friend', 'Zachary Levi': 'Fandral (archive footage) (uncredited)', 'Ray Stevenson': 'Volstagg (archive footage) (uncredited)', 'Tadanobu Asano': 'Hogun (archive footage) (uncredited)', 'Tom Hiddleston': 'Loki (archive footage) (uncredited)'}",['Taika Waititi'],"['Marvel Studios', 'Kevin Feige Productions']",250000000,760928081,2,3,0.4267714401842569,0.14877279583161937,0.10057589469354175,0.07418072123954476,0.09872480460715755,0.07740298916769504,0.10544357603181133,0.08021390374331551,0.10352392705333882,0.04483751542575072,0.16632387220622516,5.443507472919238,6.0,0.6292134831460674
7,avengers-assemble,tt0848228,2012-04-25,"{'Robert Downey Jr.': 'Tony Stark / Iron Man', 'Chris Evans': 'Steve Rogers / Captain America', 'Mark Ruffalo': 'Bruce Banner / The Hulk', 'Chris Hemsworth': 'Thor Odinson', 'Scarlett Johansson': 'Natasha Romanoff / Black Widow', 'Jeremy Renner': 'Clint Barton / Hawkeye', 'Tom Hiddleston': 'Loki', 'Samuel L. Jackson': 'Nick Fury', 'Cobie Smulders': 'Agent Maria Hill', 'Clark Gregg': 'Agent Phil Coulson', 'Stellan Skarsgård': 'Erik Selvig', 'Gwyneth Paltrow': ""Virginia 'Pepper' Potts"", 'Paul Bettany': 'Jarvis (voice)', 'Alexis Denisof': 'The Other', 'Tina Benko': 'NASA Scientist', 'Jerzy Skolimowski': 'Georgi Luchkov', 'Rashmi Rustagi': 'Calcutta Woman', 'Powers Boothe': 'World Security Council', 'Jenny Agutter': 'World Security Council', 'Arthur Darbinyan': 'World Security Council', 'Donald Li': 'World Security Council', 'Warren Kole': 'Carrier Bridge Tech', 'Alicia Sixtos': 'Carrier Bridge Tech', 'Jesse Garcia': 'Carrier Bridge Techs', 'Maximiliano Hernández': 'Agent Jasper Sitwell', 'Kenneth Tigar': 'German Old Man', 'Walter Perez': 'Young Shield Pilot', 'Harry Dean Stanton': 'Security Guard', 'Ashley Johnson': 'Waitress', 'Robert Clohessy': 'Police Sergeant', 'Enver Gjokaj': 'Young Cop', 'Jamie McShane': 'Celebration Montage Interviewee', 'Kelley Robins Hicks': 'Celebration Montage Interviewee', 'Romy Rosemont': 'Shawna Lynde', 'James Eckhouse': 'Senator Boynton', 'Stan Lee': 'Stan Lee', 'Damion Poitier': 'Man #1', 'Lou Ferrigno': 'The Hulk (voice) (uncredited)', 'Mayank Bhatter': 'Celebration Montage Man Shaving Beard (uncredited)', 'Sean Meehan': 'Guard (uncredited)', 'Colin Strause': 'Shield Agent #4 (uncredited)', 'Tai Urban': 'Child on News #1 (uncredited)', 'Tina Grimm': 'NYC Pedestrian (uncredited)', 'Hank Amos': 'Shield Agent (uncredited)'}",['Joss Whedon'],['Marvel Studios'],220000000,1518815515,6,1,1.0,0.01695195567683784,0.00884809393864219,0.01075002067311668,0.02075580914578682,0.028859670883982468,0.04978086496320185,0.07103282890928636,0.15033490449020095,0.16546762589928057,0.47721822541966424,8.554204911932523,9.0,0.9100817438692098
8,captain-marvel,tt4154664,2019-03-06,"{'Brie Larson': 'Carol Danvers / Vers / Captain Marvel', 'Samuel L. Jackson': 'Nick Fury', 'Ben Mendelsohn': 'Talos / Keller', 'Jude Law': 'Yon-Rogg', 'Annette Bening': 'Supreme Intelligence / Dr. Wendy Lawson', 'Djimon Hounsou': 'Korath', 'Lee Pace': 'Ronan the Accuser', 'Lashana Lynch': 'Maria Rambeau', 'Gemma Chan': 'Minn-Erva', 'Clark Gregg': 'Agent Phil Coulson', 'Rune Temte': 'Bron-Charr', 'Mckenna Grace': 'Young Carol (13 Years Old)', 'Akira Akbar': 'Monica Rambeau (11 Years Old)', 'Matthew Maher': 'Norex', 'Chuku Modu': 'Soh-Larr', 'Vik Sahay': 'Hero Torfan', 'Colin Ford': 'Steve Danvers', 'Kenneth Mitchell': 'Joseph Danvers', 'Stephen A. Chang': 'Cadet Officer', 'Pete Ploszek': 'Bret Johnson', 'Diana Toshiko': 'Skrull Tech #1', 'Marilyn Brett': 'Older Lady on Train', 'Stan Lee': 'Stan Lee', 'Robert Kazinsky': 'Biker (The Don)', 'Nelson Franklin': 'Medical Examiner', 'Patrick Brennan': 'Bartender', 'Patrick Gallagher': 'Security Chief', 'Ana Ayora': 'Agent Whitcher', 'Matthew Bellows': 'Accuser #1', 'Duane Henry': 'Talos-Kree Soldier', 'Chris Evans': 'Steve Rogers / Captain America (uncredited)', 'Scarlett Johansson': 'Natasha Romanoff / Black Widow (uncredited)', 'Don Cheadle': ""James 'Rhodey' Rhodes / War Machine (uncredited)"", 'Mark Ruffalo': 'Bruce Banner / The Hulk (uncredited)', 'Anthony Molinari': 'S.H.I.E.L.D. Agent (uncredited)'}","['Ryan Fleck', 'Anna Boden']",['Marvel Studios'],152000000,1131416446,0,9,1.0,0.19371212513596106,0.08416636453099911,0.07013000466152172,0.08178380898119852,0.06924949500181281,0.07448075827420107,0.08199098772465944,0.10545398042160874,0.06712591288133837,0.17190656238669913,5.433469726006112,6.0,0.7902350813743219
9,doctor-strange-in-the-multiverse-of-madness,tt9419884,2022-05-04,"{'Benedict Cumberbatch': 'Dr. Stephen Strange / Sinister Strange / Defender Strange', 'Elizabeth Olsen': 'Wanda Maximoff / The Scarlet Witch', 'Chiwetel Ejiofor': 'Baron Karl Mordo', 'Benedict Wong': 'Wong', 'Xochitl Gomez': 'America Chavez', 'Jett Klyne': 'Tommy Maximoff', 'Julian Hilliard': 'Billy Maximoff', 'Sheila Atim': 'Sara', 'Michael Stuhlbarg': ""Dr. Nicodemus 'Nic' West"", 'Rachel McAdams': 'Dr. Christine Palmer', 'Hayley Atwell': 'Peggy Carter / Captain Carter', 'Anson Mount': 'Blackagar Boltagon / Black Bolt', 'Lashana Lynch': 'Maria Rambeau / Captain Marvel', 'John Krasinski': 'Reed Richards / Mr. Fantastic', 'Patrick Stewart': 'Professor Charles Xavier / Professor X', 'Charlize Theron': 'Clea', 'Bruce Campbell': 'Pizza Poppa', 'Ross Marquand': 'Ultron (voice)', 'Momo Yeung': 'Hong Kong Master', 'Ruth Livier': 'Elena Chavez', 'Joshua Peace': 'NY Passerby 616', 'Cecilia Appiah': 'Waitress', 'Jordan Alexandra': 'Office Worker', 'Michael Waldron': ""Charlie's Best Man"", 'Bridget Hoffman': 'Soul of the Damned (voice)', 'Andrew Morgado': 'Soul of the Damned (voice)', 'Audrey Wasilewski': 'Soul of the Damned (voice)', 'Christian Rummel': 'Soul of the Damned (voice)'}",['Sam Raimi'],"['Marvel Studios', 'Kevin Feige Productions']",200000000,955775804,7,8,0.6126541119089555,0.08529734173746231,0.05583721567552754,0.046588106330501505,0.0694025760482324,0.06426418196766237,0.10406960811181146,0.09906823787338997,0.13839408057001917,0.07666483968210469,0.26041381200328856,6.654836941627844,7.0,0.7358078602620087
10,avengers-endgame,tt4154796,2019-04-24,"{'Robert Downey Jr.': 'Tony Stark / Iron Man', 'Chris Evans': 'Steve Rogers / Captain America', 'Mark Ruffalo': 'Bruce Banner / Hulk', 'Chris Hemsworth': 'Thor Odinson', 'Scarlett Johansson': 'Natasha Romanoff / Black Widow', 'Jeremy Renner': 'Clint Barton / Hawkeye', 'Don Cheadle': 'James Rhodes / War Machine', 'Paul Rudd': 'Scott Lang / Ant-Man', 'Benedict Cumberbatch': 'Stephen Strange / Doctor Strange', 'Chadwick Boseman': ""T'Challa / Black Panther"", 'Brie Larson': 'Carol Danvers / Captain Marvel', 'Tom Holland': 'Peter Parker / Spider-Man', 'Karen Gillan': 'Nebula', 'Zoe Saldaña': 'Gamora', 'Evangeline Lilly': 'Hope Van Dyne / Wasp', 'Tessa Thompson': 'Valkyrie', 'Rene Russo': 'Frigga', 'Elizabeth Olsen': 'Wanda Maximoff / Scarlet Witch', 'Anthony Mackie': 'Sam Wilson / Falcon', 'Sebastian Stan': 'Bucky Barnes / Winter Soldier', 'Tom Hiddleston': 'Loki', 'Danai Gurira': 'Okoye', 'Benedict Wong': 'Wong', 'Pom Klementieff': 'Mantis', 'Dave Bautista': 'Drax', 'Letitia Wright': 'Shuri', 'John Slattery': 'Howard Stark', 'Tilda Swinton': 'The Ancient One', 'Jon Favreau': ""Harold 'Happy' Hogan"", 'Hayley Atwell': 'Peggy Carter', 'Natalie Portman': 'Jane Foster', 'Marisa Tomei': 'Aunt May', 'Taika Waititi': 'Korg (voice)', 'Angela Bassett': 'Ramonda', 'Michael Douglas': 'Dr. Hank Pym', 'Michelle Pfeiffer': 'Janet Van Dyne', 'William Hurt': ""Secretary of State Thaddeus 'Thunderbolt' Ross"", 'Cobie Smulders': 'Maria Hill', 'Sean Gunn': 'On-Set Rocket / Kraglin', 'Winston Duke': ""M'Baku"", 'Linda Cardellini': 'Laura Barton', 'Maximiliano Hernández': 'Agent Sitwell', 'Frank Grillo': 'Brock Rumlow', 'Hiroyuki Sanada': 'Akihiko', 'Tom Vaughan-Lawlor': 'Ebony Maw', ""James D'Arcy"": 'Jarvis', 'Jacob Batalon': 'Ned', 'Vin Diesel': 'Groot (voice)', 'Bradley Cooper': 'Rocket (voice)', 'Gwyneth Paltrow': 'Pepper Potts', 'Robert Redford': 'Alexander Pierce', 'Josh Brolin': 'Thanos', 'Chris Pratt': 'Peter Quill / Star-Lord', 'Samuel L. Jackson': 'Nick Fury', 'Lexi Rabe': 'Morgan Stark', 'Ross Marquand': 'Johann Schmidt / Red Skull (Stonekeeper)', 'Joe Russo': 'Grieving Man', 'Emma Fuhrmann': 'Cassie Lang', 'Terry Notary': 'On-Set Groot / Cull Obsidian', 'Kerry Condon': 'Friday (voice)', 'Ava Russo': 'Lila Barton', 'Stan Lee': 'Driver', 'Yvette Nicole Brown': 'S.H.I.E.L.D. Agent', 'Callan Mulvey': 'Jack Rollins', 'Ken Jeong': 'Security Guard', 'Ty Simpkins': 'Harley Keener', 'Jackson A. Dunn': 'Scott Lang (12 Y.O.)', 'Monique Ganderton': 'On-Set Proxima Midnight', 'Russell Bobbitt': 'Diner Owner', 'Jack Champion': 'Kid on Bike', 'Sam Hargrave': 'New Asgard Truck Driver', 'Patrick Gorman': 'Old Steve Rogers Double', 'Aaron Lazar': 'Doctor Strange Double', 'Robert Pralgo': 'Thanos Reader', 'Tom Wisdom': 'Loki Reader', 'John Posey': 'Alexander Pierce Reader'}","['Anthony Russo', 'Joe Russo']",['Marvel Studios'],356000000,2800000000,6,1,0.8042270695027773,0.046079613992762364,0.017949336550060313,0.019493365500603137,0.025331724969843185,0.029867310012062727,0.0535102533172497,0.05804583835946924,0.09408926417370325,0.11194209891435464,0.5436911942098914,8.315609167671894,10.0,0.9388489208633094
11,avengers-age-of-ultron,tt2395427,2015-04-22,"{'Robert Downey Jr.': 'Tony Stark / Iron Man', 'Chris Hemsworth': 'Thor Odinson', 'Mark Ruffalo': 'Bruce Banner / Hulk', 'Chris Evans': 'Steve Rogers / Captain America', 'Scarlett Johansson': 'Natasha Romanoff / Black Widow', 'Jeremy Renner': 'Clint Barton / Hawkeye', 'James Spader': 'Ultron (voice)', 'Paul Bettany': 'Jarvis / Vision', 'Elizabeth Olsen': 'Wanda Maximoff / Scarlet Witch', 'Aaron Taylor-Johnson': 'Pietro Maximoff / Quicksilver', 'Samuel L. Jackson': 'Nick Fury', 'Don Cheadle': ""James 'Rhodey' Rhodes / War Machine"", 'Cobie Smulders': 'Maria Hill', 'Anthony Mackie': 'Sam Wilson / The Falcon', 'Hayley Atwell': 'Peggy Carter', 'Idris Elba': 'Heimdall', 'Linda Cardellini': 'Laura Barton', 'Stellan Skarsgård': 'Erik Selvig', 'Claudia Kim': 'Dr. Helen Cho', 'Thomas Kretschmann': 'Baron Wolfgang von Strucker', 'Andy Serkis': 'Ulysses Klaue', 'Julie Delpy': 'Madame B', 'Stan Lee': 'Stan Lee', 'Henry Goodman': 'Dr. List', 'Isaac Andrews': 'Costel', 'Bentley Kalu': ""Klaue's Mercenary"", 'Julian Bleach': 'Ballet Instructor', 'Alma Noce': 'Sokovian Family', 'Aaron Himelstein': 'Specialist Cameron Klein', 'Kerry Condon': 'Friday (voice)', 'Josh Brolin': 'Thanos (uncredited)', 'Lou Ferrigno': 'Hulk (voice) (uncredited)'}",['Joss Whedon'],['Marvel Studios'],365000000,1405403694,6,1,0.7511177347242921,0.017963027554935472,0.0158702476456226,0.012207882804325079,0.03723404255319149,0.053801883501918384,0.10969654691314963,0.14666899197767702,0.2166027206138821,0.13542029996512034,0.2545343564701779,7.68608301360307,8.0,0.7592592592592593
12,shang-chi-and-the-legend-of-the-ten-rings,tt9376612,2021-09-01,"{'Simu Liu': 'Shaun / Shang-Chi', 'Awkwafina': 'Katy Chen', ""Zhang Meng'er"": 'Xu Xialing', 'Fala Chen': 'Ying Li', 'Florian Munteanu': 'Razor Fist', 'Benedict Wong': 'Wong', 'Yuen Wah': 'Master Guang Bo', 'Michelle Yeoh': 'Ying Nan', 'Ben Kingsley': 'Trevor Slattery', 'Tony Leung Chiu-wai': 'Xu Wenwu / The Mandarin', 'Andy Le': 'Li Ching-Lin / Death Dealer', 'Stephanie Hsu': 'Soo', 'Tsai Chin': 'Waipo', 'Jodi Long': 'Mrs. Chen', 'Dallas Liu': 'Ruihua', 'Ronny Chieng': 'Jon Jon', 'Fernando Chien': 'Gao Lei', 'Zach Cherry': 'Clev', 'Raymond Ma': 'Gang Leader', 'Dee Bradley Baker': 'Morris (voice)', 'Tim Roth': 'Emil Blonsky / Abomination (voice) (uncredited)', 'Mark Ruffalo': 'Bruce Banner / Hulk (uncredited)', 'Brie Larson': 'Carol Danvers / Captain Marvel (uncredited)'}",['Destin Daniel Cretton'],['Marvel Studios'],150000000,432243292,0,8,1.0,0.019217703581481123,0.010191206444724838,0.007764728719790353,0.01591769387557022,0.016111812093564982,0.029505969135203338,0.04309424439483645,0.11200621178297583,0.09540910414442395,0.6507813258274289,8.948364554013395,10.0,0.9154518950437318
13,iron-man,tt0371746,2008-04-30,"{'Robert Downey Jr.': 'Tony Stark / Iron Man', 'Terrence Howard': ""James 'Rhodey' Rhodes"", 'Jeff Bridges': 'Obadiah Stane / Iron Monger', 'Gwyneth Paltrow': ""Virginia 'Pepper' Potts"", 'Leslie Bibb': 'Christine Everhart', 'Bill Smitrovich': 'General Gabriel', 'Paul Bettany': 'J.A.R.V.I.S. (voice)', 'Jon Favreau': ""Harold 'Happy' Hogan"", 'Shaun Toub': 'Yinsen', 'Faran Tahir': 'Raza', 'Clark Gregg': 'Phil Coulson', 'Peter Billingsley': 'William Ginter Riva', 'Sayed Badreya': 'Abu Bakaar', 'Tim Guinee': 'Major Allen', 'Will Lyman': 'Award Ceremony Narrator (voice)', 'Tom Morello': 'Guard', 'Kevin Foster': 'Jimmy', 'Eileen Weisinger': 'Ramirez', 'Fahim Fazli': 'Omar / ADR Voice', 'Russell Richardson': 'Viper 2', 'Nazanin Boniadi': 'Amira Ahmed', 'Marvin Jordan': 'Air Force Officer', 'Jim Cramer': 'Jim Cramer', 'Donna Evans': 'Woman In SUV', 'Adam Harrington': 'Reporter', 'Jeannine Kaspar': 'Flight Attendant', 'Stan Lee': 'Stan Lee', 'Gabrielle Tuite': ""Stan's Girl"", 'Tim Griffin': 'CAOC Analyst', 'Joshua Harto': 'CAOC Analyst', 'Samuel L. Jackson': 'Nick Fury (uncredited)'}",['Jon Favreau'],['Marvel Studios'],140000000,585174222,8,5,1.0,0.009020508892860182,0.005361245851416901,0.005956939834907668,0.013615862479788955,0.019828099736192664,0.05412305335716109,0.10790571015232746,0.24151136073525659,0.23453323121436473,0.30814398774572377,8.395625904178369,9.0,0.9357142857142857
14,captain-america-civil-war,tt3498820,2016-04-27,"{'Chris Evans': 'Steve Rogers / Captain America', 'Robert Downey Jr.': 'Tony Stark / Iron Man', 'Scarlett Johansson': 'Natasha Romanoff / Black Widow', 'Sebastian Stan': ""James 'Bucky' Barnes / Winter Soldier"", 'Chadwick Boseman': ""T'Challa / Black Panther"", 'Daniel Brühl': 'Baron Helmut Zemo', 'Elizabeth Olsen': 'Wanda Maximoff / Scarlet Witch', 'Paul Bettany': 'Vision', 'Don Cheadle': ""Lieutenant James 'Rhodey' Rhodes / War Machine"", 'Anthony Mackie': 'Sam Wilson / Falcon', 'Tom Holland': 'Peter Parker / Spider-Man', 'Jeremy Renner': 'Clint Barton / Hawkeye', 'Paul Rudd': 'Scott Lang / Ant-Man', 'Emily VanCamp': 'Sharon Carter / Agent 13', 'Martin Freeman': 'Everett K. Ross', 'William Hurt': ""Secretary of State Thaddeus 'Thunderbolt' Ross"", 'John Kani': ""King T'Chaka"", 'Marisa Tomei': 'May Parker', 'Frank Grillo': 'Brock Rumlow / Crossbones', 'John Slattery': 'Howard Stark', 'Hope Davis': 'Maria Stark', 'Alfre Woodard': 'Miriam Sharpe', 'Jackson Spidell': 'Josef / Super Soldier #1', 'Heidi Moneymaker': 'Super Soldier #3', 'Gene Farber': 'Vasily Karpov', 'Florence Kasumba': 'Ayo', 'David de Vries': 'Custodian', 'Brett Gentile': 'Delivery Truck Driver', 'Jin Shijia': 'Chinese Newscaster', 'Silvina Buchbauer': 'News Reporter', 'Damion Poitier': 'Hero Merc #1', 'Umar Khan': 'Hero Merc #2', 'Jim Rash': 'M.I.T. Liaison', 'Stan Lee': 'FedEx Driver', 'Amelia Morck': 'UN Staffer Gibson', 'Kerry Condon': 'F.R.I.D.A.Y. (voice)', 'Julianna Guill': ""Stark's Assistant"", 'Al Cerullo': 'Helicopter Pilot', 'Joe Russo': 'Dr. Theo Broussard (uncredited)', 'Ray Sahetapy': 'Auctioneer (uncredited)'}","['Anthony Russo', 'Joe Russo']",['Marvel Studios'],250000000,1155046416,1,6,0.5747188727814658,0.03845178737429223,0.01935265782134708,0.014704639567311755,0.025099298571790756,0.0305924110538325,0.057043860390433535,0.06633989689850418,0.1553283191075805,0.1891320882278374,0.4039550409870701,8.16563846868926,9.0,0.9069767441860466
15,iron-man-2,tt1228705,2010-04-28,"{'Robert Downey Jr.': 'Tony Stark / Iron Man', 'Gwyneth Paltrow': ""Virginia 'Pepper' Potts"", 'Don Cheadle': ""James 'Rhodey' Rhodes / War Machine"", 'Scarlett Johansson': 'Natalie Rushman / Natasha Romanoff / Black Widow', 'Sam Rockwell': 'Justin Hammer', 'Mickey Rourke': 'Ivan Vanko / Whiplash', 'Samuel L. Jackson': 'Nick Fury', 'Clark Gregg': 'Phil Coulson', 'John Slattery': 'Howard Stark', 'Garry Shandling': 'Senator Stern', 'Paul Bettany': 'J.A.R.V.I.S. (voice)', 'Leslie Bibb': 'Christine Everhart', 'Kate Mara': 'U.S. Marshal', 'Jon Favreau': ""Harold 'Happy' Hogan"", 'Christiane Amanpour': 'Christiane Amanpour', 'Philippe Bergeron': 'Detective Lemieux', 'Kate Clark': 'Expo Fan', 'Tim Guinee': 'Major Allen', 'Stan Lee': 'Larry King', 'Helena Mattsson': 'Rebecca', 'Anya Monzikova': 'Rebeka', 'Keith Middlebrook': 'Expo Cop', 'Olivia Munn': 'Chess Roberts', 'Elon Musk': 'Elon Musk', ""Bill O'Reilly"": ""Bill O'Reilly"", 'Alejandro Patiño': 'Strawberry Vendor', 'Karim Saleh': 'Guard', 'Lindsay Dennis': 'Ironette Dancer', 'Rachele Brooke Smith': 'Ironette Dancer', 'Nadine Ellis': 'Ironette Dancer', 'Katie Cleary': 'Beautiful Girl (uncredited)', 'Jasmine Dustin': 'Watermelon Girl (uncredited)', 'Mark Kubr': 'Prisoner (uncredited)', 'Tony Nevada': 'SWAT Sergeant Bellows (uncredited)', 'Tanoai Reed': 'Security Guard Fighting Happy Hogan (uncredited)', 'Matt McColm': 'Guard (uncredited)', 'Seth Green': 'Expo Fan (uncredited)'}",['Jon Favreau'],"['Marvel Studios', 'Fairview Entertainment']",200000000,623933331,8,5,0.4267714401842569,0.012226684515841142,0.01535029004908523,0.019544846050870146,0.054261490406068716,0.08888888888888889,0.1819723337795627,0.21615350290049085,0.21311914323962516,0.09031682284694333,0.10816599732262383,6.967425256581883,7.0,0.7161716171617162
16,spider-man-homecoming,tt2250912,2017-07-05,"{'Tom Holland': 'Peter Parker / Spider-Man', 'Michael Keaton': 'Adrian Toomes / Vulture', 'Robert Downey Jr.': 'Tony Stark / Iron Man', 'Marisa Tomei': 'May Parker', 'Jon Favreau': ""Harold 'Happy' Hogan"", 'Gwyneth Paltrow': ""Virginia 'Pepper' Potts"", 'Zendaya': ""Michelle 'MJ' Jones"", 'Donald Glover': 'Aaron Davis', 'Jacob Batalon': 'Ned', 'Laura Harrier': 'Liz', 'Tony Revolori': ""Eugene 'Flash' Thompson"", 'Bokeem Woodbine': 'Herman Schultz / Shocker', 'Tyne Daly': 'Anne Marie Hoag', 'Hannibal Buress': 'Coach Wilson', 'Kenneth Choi': 'Principal Morita', 'Selenis Leyva': 'Ms. Warren', 'Angourie Rice': 'Betty Brant', 'Martin Starr': 'Mr. Harrington', 'Garcelle Beauvais': 'Doris Toomes', 'Michael Chernus': 'Phineas Mason / Tinkerer', 'Logan Marshall-Green': 'Jackson Brice / Shocker', 'Jennifer Connelly': 'Karen (voice)', 'Gary Weeks': 'Agent Foster', 'Christopher Berry': 'Randy', 'Tunde Adebimpe': 'Mr. Cobbwell', 'Tiffany Espensen': 'Cindy', 'Josie Totah': 'Seymour', 'Hemky Madera': 'Mr. Delmar', 'Zach Cherry': 'Street Vendor', 'Kirk R. Thatcher': 'Punk on Street', 'Sondra James': 'Yelling Woman', 'Stan Lee': 'Gary', 'Wayne Pére': 'History Teacher', 'Chris Evans': 'Steve Rogers / Captain America', 'Kerry Condon': 'F.R.I.D.A.Y. (voice)', 'Ethan Dizon': 'Tiny', 'Amy Hill': 'Decathlon Moderator', 'Martha Kelly': 'Tour Guide', 'Jennifer Kim': 'Ferry Mom', 'Andy Powers': 'Ferry Commuter', 'Elli': 'Rabbi on Subway (uncredited)', 'Friday Chamberlain': 'Skateboarder (uncredited)', 'Harrison Osterfield': 'Midtown High Student'}",['Jon Watts'],"['Marvel Studios', 'Pascal Pictures', 'LStar Capital', 'Columbia Pictures']",175000000,880166924,5,7,1.0,0.04112171556498174,0.024743725698126547,0.014374926357959231,0.03228467067279368,0.03499469777306469,0.07010722281135855,0.10333451160598563,0.19641805113703312,0.1583598444680099,0.32426063391068694,7.821020384116885,8.0,0.92
17,eternals,tt9032400,2021-11-03,"{'Gemma Chan': 'Sersi', 'Richard Madden': 'Ikaris', 'Angelina Jolie': 'Thena', 'Kumail Nanjiani': 'Kingo', 'Barry Keoghan': 'Druig', 'Lauren Ridloff': 'Makkari', 'Lia McHugh': 'Sprite', 'Brian Tyree Henry': 'Phastos', 'Ma Dong-seok': 'Gilgamesh', 'Salma Hayek Pinault': 'Ajak', 'Kit Harington': 'Dane Whitman', 'Harish Patel': 'Karun', 'David Kaye': 'Arishem (voice)', 'Bill Skarsgård': 'Kro (voice)', 'Haaz Sleiman': 'Ben', 'Hannah Dodd': 'Sandra', 'Harry Styles': 'Eros / Starfox', 'Patton Oswalt': 'Pip the Troll (voice)', 'Mahershala Ali': 'Eric Brooks / Blade (voice) (uncredited)'}",['Chloé Zhao'],['Marvel Studios'],200000000,402064899,0,9,1.0,0.1262608695652174,0.06886956521739131,0.05467826086956522,0.06921739130434783,0.055930434782608694,0.0752,0.08062608695652174,0.1282086956521739,0.07283478260869565,0.26817391304347826,6.363060869565217,7.0,0.47215496368038745
18,thor,tt0800369,2011-04-21,"{'Chris Hemsworth': 'Thor Odinson', 'Natalie Portman': 'Jane Foster', 'Tom Hiddleston': 'Loki', 'Anthony Hopkins': 'Odin', 'Stellan Skarsgård': 'Erik Selvig', 'Kat Dennings': 'Darcy Lewis', 'Clark Gregg': 'Phil Coulson', 'Colm Feore': 'King Laufey', 'Idris Elba': 'Heimdall', 'Ray Stevenson': 'Volstagg', 'Tadanobu Asano': 'Hogun', 'Josh Dallas': 'Fandral', 'Jaimie Alexander': 'Sif', 'Rene Russo': 'Frigga', 'Adriana Barraza': 'Isabela Alvarez', 'Maximiliano Hernández': 'Jasper Sitwell', 'Richard Cetrone': 'Frost Giant Captain', 'Josh Coxx': 'Frost Giant Hailstrum', 'Joseph Gatt': 'Frost Giant Grundroth', 'Luke Massy': 'Frost Giant Raze', 'Jamie McShane': 'Agent Jackson', 'Jim Palmer': 'SHIELD Guard', 'J. Michael Straczynski': 'Townie', 'Matt Battaglia': 'Pete', 'Stan Lee': 'Stan the Man', 'Joel McCrary': 'Drunk Townie', 'Rob Mars': 'Orderly', 'Carrie Lazar': 'Viking Mother', 'Harley Graham': 'Viking Child', 'Dakota Goyo': 'Young Thor', 'Douglas Tait': 'Frost Giant (uncredited)', 'Jeremy Renner': 'Clint Barton / Hawkeye (uncredited)', 'Samuel L. Jackson': 'Nick Fury (uncredited)', 'Stephen Oyoung': 'Einherjar Guard (uncredited)'}",['Kenneth Branagh'],['Marvel Studios'],150000000,449326618,2,3,1.0,0.016056929112307272,0.018155277803120155,0.019979928838609617,0.04488641547304078,0.06605236748471854,0.1602043609159748,0.21029103184016057,0.24979472675850745,0.09935224888240124,0.11522671289115957,7.100173341848372,7.0,0.7728813559322034
19,thor-ragnarok,tt3501632,2017-10-02,"{'Chris Hemsworth': 'Thor Odinson', 'Tom Hiddleston': 'Loki', 'Cate Blanchett': 'Hela', 'Tessa Thompson': 'Scrapper 142 / Valkyrie', 'Jeff Goldblum': 'En Dwi Gast / Grandmaster', 'Idris Elba': 'Heimdall', 'Karl Urban': 'Skurge / Executioner', 'Mark Ruffalo': 'Bruce Banner / Hulk', 'Anthony Hopkins': 'Odin', 'Benedict Cumberbatch': 'Stephen Strange / Doctor Strange', 'Taika Waititi': 'Korg / Surtur / Hulk (mo-cap)', 'Rachel House': 'Topaz', 'Clancy Brown': 'Surtur (voice)', 'Tadanobu Asano': 'Hogun', 'Ray Stevenson': 'Volstagg', 'Zachary Levi': 'Fandral', 'Stan Lee': 'Barber', 'Luke Hemsworth': 'Actor Thor', 'Sam Neill': 'Actor Odin', 'Matt Damon': 'Actor Loki (uncredited)', 'Charlotte Nicdao': 'Actor Sif', 'Cohen Holloway': 'Lead Scrapper', ""Alia Seror-O'Neill"": 'Golden Lady #1', 'Jasper Bagg': 'Warden', 'Jet Tranter': 'Valkyrie Sister #1', 'Rob Mayes': 'Asgardian Man', 'Scarlett Johansson': 'Natasha Romanoff / Black Widow (archive footage / uncredited)', 'Sam Hargrave': 'Gladiator (uncredited)'}",['Taika Waititi'],['Marvel Studios'],180000000,855301806,2,3,0.5272998238721041,0.04968255567872619,0.031542880177365715,0.019852867076488964,0.03456615942759246,0.03627935100272095,0.0614733447546105,0.08303940340622795,0.1658772548624408,0.17303234908797743,0.344653834525849,7.772951728307971,9.0,0.9318181818181819
20,black-widow,tt3480822,2021-07-07,"{'Scarlett Johansson': 'Natasha Romanoff / Black Widow', 'Florence Pugh': 'Yelena Belova', 'Rachel Weisz': 'Melina Vostokoff', 'David Harbour': 'Alexei Shostakov / Red Guardian', 'Ray Winstone': 'Dreykov', 'Olga Kurylenko': 'Antonia Dreykov', 'Ever Anderson': 'Young Natasha', 'Violet McGraw': 'Young Yelena', 'O.T. Fagbenle': 'Mason', 'William Hurt': ""Secretary Thaddeus 'Thunderbolt' Ross"", 'Ryan Kiera Armstrong': 'Young Antonia', 'Michelle Lee': 'Oksana', 'Nanna Blondell': 'Ingrid', 'Yolanda Lynes': 'Widow', 'Lauren Okadigbo': 'Widow', 'Aurélia Agel': 'Widow', 'Kurt Yue': 'Ross Lieutenant', 'Olivier Richters': 'Ursa Major', 'Robert Pralgo': 'Ross Agent', 'Jordyn Curet': 'Young Ingrid (uncredited)', 'Julia Louis-Dreyfus': 'Contessa Valentina Allegra de Fontaine (uncredited)', 'Jeremy Renner': 'Clint Barton / Hawkeye (voice) (uncredited)'}",['Cate Shortland'],['Marvel Studios'],200000000,379751131,0,10,1.0,0.04766521247374374,0.03514299563742123,0.03724349652609468,0.058167716917111006,0.06495395055744062,0.10017773469058006,0.10866052674099208,0.15196316044595248,0.07820326385522701,0.3178219421554371,7.246566488931975,8.0,0.7872807017543859
21,guardians-of-the-galaxy-vol.-2,tt3896198,2017-04-19,"{'Chris Pratt': 'Peter Quill / Star-Lord', 'Zoe Saldaña': 'Gamora', 'Dave Bautista': 'Drax the Destroyer', 'Vin Diesel': 'Baby Groot (voice)', 'Bradley Cooper': 'Rocket (voice)', 'Michael Rooker': 'Yondu Udonta', 'Karen Gillan': 'Nebula', 'Pom Klementieff': 'Mantis', 'Sylvester Stallone': 'Stakar Ogord', 'Kurt Russell': 'Ego', 'Elizabeth Debicki': 'Ayesha', 'Chris Sullivan': 'Taserface', 'Sean Gunn': 'Kraglin / On-Set Rocket / On-Set Adolescent Groot', 'Tommy Flanagan': 'Tullk', 'Laura Haddock': 'Meredith Quill', 'Aaron Schwartz': 'Young Ego Facial Reference', 'Hilty Bowen': 'Sovereign Pilot', 'Ben Browder': 'Sovereign Admiral', 'Luke Cook': ""Zylak's Frenemy"", 'Evan Jones': 'Retch', 'Joe Fria': 'Oblo', 'Terence Rosemore': 'Narblik', 'Stephen Blackehart': 'Brahl', 'Steve Agee': 'Gef', 'Richard Christy': '""Down There!""', 'Rob Zombie': 'Unseen Ravager', 'Kendra Carelli': 'Robot Courtesan', 'Seth Green': 'Howard the Duck (voice)', 'Molly C. Quinn': ""Howard's Date"", 'Michael Rosenbaum': 'Martinex', 'Rhoda Griffis': 'Sneeper Madame', 'Milynn Sarley': 'Robot Courtesan', 'Stan Lee': 'Watcher Informant', 'David Hasselhoff': 'The Form of David Hasselhoff', 'Elizabeth Faith Ludlow': 'Easik Mother', 'Wyatt Oleff': 'Young Peter Quill', 'Gregg Henry': 'Grandpa Quill', 'Ving Rhames': 'Charlie-27', 'Michelle Yeoh': 'Aleta Ogord', 'Miley Cyrus': 'Mainframe (voice) (uncredited)', 'Jeff Goldblum': 'En Dwi Gast / Grandmaster (uncredited)'}",['James Gunn'],['Marvel Studios'],200000000,863756051,9,2,0.8710201869665357,0.022099447513812154,0.019994738226782424,0.01696921862667719,0.033543804262036306,0.03525388055774796,0.07563799000263088,0.11931070770849776,0.21915285451197053,0.14575111812680874,0.31228624046303605,7.900289397526967,8.0,0.851764705882353
22,thor-the-dark-world,tt1981115,2013-10-30,"{'Chris Hemsworth': 'Thor Odinson', 'Natalie Portman': 'Jane Foster', 'Tom Hiddleston': 'Loki', 'Anthony Hopkins': 'Odin', 'Christopher Eccleston': 'Malekith', 'Jaimie Alexander': 'Sif', 'Zachary Levi': 'Fandral', 'Ray Stevenson': 'Volstagg', 'Tadanobu Asano': 'Hogun', 'Idris Elba': 'Heimdall', 'Rene Russo': 'Frigga', 'Adewale Akinnuoye-Agbaje': 'Algrim / Kurse', 'Kat Dennings': 'Darcy Lewis', 'Stellan Skarsgård': 'Erik Selvig', 'Alice Krige': 'Eir', 'Clive Russell': 'Tyr', 'Jonathan Howard': 'Ian Boothby', 'Thomas Arnold': 'Desk Officer', 'Sam Swainsbury': 'Stonehenge TV News Reporter', 'Royce Pierreson': 'Student', ""Chris O'Dowd"": 'Richard', 'Justin Edwards': 'Police Officer #1', 'Richard Brake': 'Einherjar Lieutenant', 'Stan Lee': 'Stan Lee', 'Brett Tucker': 'Einherjar Guard', 'Talulah Riley': 'Nurse', 'Tony Curran': 'Bor (uncredited)', 'Chris Evans': 'Loki as Captain America (uncredited)', 'Benicio del Toro': 'Taneleer Tivan / The Collector (uncredited)', 'Ophelia Lovibond': 'Carina (uncredited)', 'Elsa Pataky': 'Jane Foster stand-in (uncredited)'}",['Alan Taylor'],['Marvel Studios'],170000000,644783140,2,3,0.7795691640699092,0.012558719202377529,0.016585178793979485,0.01850254050426613,0.051097689579139106,0.06528616623526028,0.15463522193461796,0.17457578372159907,0.24245038826574633,0.08158374077269677,0.18272457099031733,7.2830025884383085,8.0,0.6701388888888888
23,spider-man-far-from-home,tt6320628,2019-06-28,"{'Tom Holland': 'Peter Parker / Spider-Man', 'Samuel L. Jackson': 'Nick Fury', 'Jake Gyllenhaal': 'Quentin Beck / Mysterio', 'Marisa Tomei': 'May Parker', 'Jon Favreau': ""Harold 'Happy' Hogan"", 'Zendaya': ""Michelle 'MJ' Jones"", 'Jacob Batalon': 'Ned Leeds', 'Tony Revolori': ""Eugene 'Flash' Thompson"", 'Angourie Rice': 'Betty Brant', 'Remy Hii': 'Brad Davis', 'Martin Starr': 'Mr. Harrington', 'J.B. Smoove': 'Mr. Dell', 'Cobie Smulders': 'Maria Hill', 'Numan Acar': 'Dimitri', 'Sebastián Viveros': 'Sebastian', 'Toni Garrn': 'The Seamstress', 'Peter Billingsley': 'William Ginter Riva', 'Clare Dunne': 'Victoria', 'Nicholas Gleaves': 'Guterman', 'Claire Rushbrook': 'Janice', 'J.K. Simmons': 'J. Jonah Jameson', 'Anjana Vasan': 'Queens Reporter', 'Lukáš Bech': 'Helpful Dutch Man', 'Tuwaine Barrett': 'Officer Bristow (extended cut)', 'Bruno Bilotta': 'Mob Boss (uncredited)', 'Jeff Bridges': 'Obadiah Stane (archive footage) (uncredited)', 'Daphne Cheung': 'Passport Clerk (uncredited)', 'Massi Furlan': 'Flight Attendant (uncredited)', 'Meagan Holder': 'Pretty Tourist (uncredited)', 'Joseph Long': 'Mob Boss (uncredited)', 'Antonín Mašek': 'Bellboy (uncredited)', 'Ben Mendelsohn': 'Talos (uncredited)', 'Anthony Molinari': 'Mob Guy (uncredited)'}",['Jon Watts'],"['Marvel Studios', 'Pascal Pictures', 'Columbia Pictures']",160000000,1131927996,5,7,0.5817639886194281,0.026042903506688832,0.018047969603419617,0.017177234227816036,0.029446687247684636,0.03340457531860999,0.06411778674899074,0.07971186574843664,0.16718119211588697,0.12301116124436001,0.44185862423810657,8.204306182221167,9.0,0.9041394335511983
24,doctor-strange,tt1211837,2016-10-25,"{'Benedict Cumberbatch': 'Stephen Strange / Doctor Strange', 'Chiwetel Ejiofor': 'Karl Mordo', 'Rachel McAdams': 'Dr. Christine Palmer', 'Benedict Wong': 'Wong', 'Mads Mikkelsen': 'Kaecilius', 'Tilda Swinton': 'The Ancient One', 'Michael Stuhlbarg': 'Dr. Nicodemus West', 'Benjamin Bratt': 'Jonathan Pangborn', 'Scott Adkins': 'Lucian / Strong Zealot', 'Zara Phythian': 'Brunette Zealot', 'Alaa Safi': 'Tall Zealot', 'Meera Syal': 'Dr. Patel', 'Amy Landecker': 'Dr. Bruner', 'Elizabeth Healey': 'Concerned Doctor', 'Stan Lee': 'Bus Passenger', 'Juani Feliz': 'Girl on the Bus (uncredited)', 'Chris Hemsworth': 'Thor Odinson (uncredited)'}",['Scott Derrickson'],['Marvel Studios'],180000000,676343174,7,8,1.0,0.020107063585324454,0.01410105757931845,0.01475388431910171,0.026374200287243764,0.030160595377986682,0.08095051573312442,0.13670191931061496,0.23945684815250032,0.16594855725290508,0.27144535840188017,7.915132523828177,8.0,0.8891752577319587
25,iron-man-3,tt1300854,2013-04-18,"{'Robert Downey Jr.': 'Tony Stark / Iron Man', 'Gwyneth Paltrow': ""Virginia 'Pepper' Potts"", 'Don Cheadle': ""James 'Rhodey' Rhodes / Iron Patriot"", 'Guy Pearce': 'Aldrich Killian', 'Ben Kingsley': 'Trevor Slattery', 'Ty Simpkins': 'Harley Keener', 'William Sadler': 'President Matthew Ellis', 'Rebecca Hall': 'Maya Hansen', 'Stephanie Szostak': 'Ellen Brandt', 'James Badge Dale': 'Savin', 'Miguel Ferrer': 'Vice President Rodriguez', 'Jon Favreau': ""Harold 'Happy' Hogan"", 'Paul Bettany': 'J.A.R.V.I.S. (voice)', 'Dale Dickey': 'Mrs. Davis', 'Wang Xueqi': 'Doctor Wu', 'Shaun Toub': 'Ho Yinsen', 'Thomas Roberts': 'Himself', 'Bill Maher': 'Himself', 'Joan Rivers': 'Herself', 'Anthony Reynolds': 'Helicopter Pilot #1', 'Kendrick Cross': 'Helicopter Pilot #2', 'John Eddins': 'Mandarin Look-Out', 'Spencer Garrett': 'Rose Hill Sheriff', 'Jan Broberg': 'Senior Technician', 'Andrew Lauer': 'Satellite Technician', 'Nate Bynum': 'Technical Director', 'Tom Virtue': 'Thomas Richards', 'Bobby Tisdale': 'Pageant Emcee', 'Yvonne Zima': 'Miss Elk Ridge', 'Stan Lee': 'Pageant Judge', 'Adam Pally': 'Gary the Cameraman', 'Cullen Moss': 'Extremis Candidate', 'Rebecca Mader': 'Sweat Shop Agent', 'Luciana Faulhaber': 'Mandarin Party Girl #1', 'Mark Kubr': 'Ponytail Express', 'Jenna Ortega': ""Vice President's Daughter"", 'Corey Hawkins': 'Navy Op', 'Linden Ashby': 'Commander', 'Sala Baker': 'Extremis Soldier', 'Fernando Chien': 'Extremis Soldier', 'Dane Farwell': 'Extremis Soldier', 'Aja Frary': 'Extremis Soldier', 'Mark Ginther': 'Extremis Soldier', 'Dennis Keiffer': 'Extremis Soldier', 'Samuel Le': 'Extremis Soldier', 'Tara Macken': 'Extremis Soldier', 'Jade Quon': 'Extremis Soldier', 'Brian Simpson': 'Extremis Soldier', 'Chris Gethard': 'Juan (uncredited)', 'Bridger Zadina': 'Richie (uncredited)', 'Mark Ruffalo': 'Bruce Banner (uncredited)', 'Johnny Otto': 'Military Advisor (uncredited)'}",['Shane Black'],['Marvel Studios'],200000000,1215577205,8,5,0.6259314456035767,0.03508918851017503,0.025374759232895068,0.025625994472824723,0.05853781090360941,0.06498618206180387,0.13633699020182563,0.1534209865170421,0.21882589397872876,0.09211958797420651,0.18968260614688887,7.090277196214723,8.0,0.7945619335347431
26,black-panther,tt1825683,2018-02-13,"{'Chadwick Boseman': ""King T'Challa / Black Panther"", 'Michael B. Jordan': ""N'Jadaka / Erik 'Killmonger' Stevens"", ""Lupita Nyong'o"": 'Nakia', 'Danai Gurira': 'Okoye', 'Martin Freeman': 'Everett K. Ross', 'Daniel Kaluuya': ""W'Kabi"", 'Letitia Wright': 'Shuri', 'Winston Duke': ""M'Baku"", 'Sterling K. Brown': ""N'Jobu"", 'Florence Kasumba': 'Ayo', 'John Kani': ""T'Chaka"", 'Angela Bassett': 'Ramonda', 'Forest Whitaker': 'Zuri', 'Andy Serkis': 'Ulysses Klaue', 'David S. Lee': 'Limbani', 'Isaach De Bankolé': 'River Tribe Elder', 'Connie Chiume': 'Mining Tribe Elder', 'Danny Sapani': 'Border Tribe Elder', 'Sydelle Noel': 'Dora Milaje', 'Sope Aluko': 'Shaman', 'Stan Lee': 'Thirsty Gambler', 'Denzel Whitaker': 'James / Young Zuri', 'Shaunette Renée Wilson': 'Dora Milaje (1992)', 'Bambadjan Bamba': 'Militant Leader', ""Jalil 'Jay' Lynch"": 'Nigerian Militant #1', 'Alexis Louder': 'Nigerian Woman #2', 'Francesca Faridany': 'Museum Director', 'Mark Ashworth': 'Security Guard', 'Seth Carr': 'Young Killmonger', 'Alexis Rhee': 'Elderly Woman (Sophia)', 'Liz Elkins Newcomer': 'CIA Agent', 'Tony Sears': 'French Ambassador', 'Alex Hibbert': 'Young Oakland Kid', 'Trevor Noah': 'Griot (voice)', 'Sebastian Stan': ""James 'Bucky' Barnes / Winter Soldier (uncredited)""}",['Ryan Coogler'],['Marvel Studios'],200000000,1349926083,3,10,1.0,0.08616577221228384,0.05105843768634466,0.03443649373881932,0.059257602862254025,0.06246273106738223,0.08802921884317233,0.08020274299344067,0.10644007155635063,0.09242695289206918,0.33951997614788315,7.009093619558736,8.0,0.9623352165725048
27,the-incredible-hulk,tt0800080,2008-06-12,"{'Edward Norton': 'Bruce Banner / The Hulk', 'Liv Tyler': 'Betty Ross', 'Tim Roth': 'Emil Blonsky / Abomination', 'William Hurt': ""Thaddeus 'Thunderbolt' Ross"", 'Tim Blake Nelson': 'Samuel Sterns', 'Ty Burrell': 'Leonard Samson', 'Peter Mensah': 'General Joe Greller', 'Lou Ferrigno': 'Incredible Hulk (voice) / Security Guard', 'Paul Soles': 'Stanley', 'Débora Nascimento': 'Martina', 'Greg Bryk': 'Commando', 'Chris Owens': 'Commando', 'Adrian Hein': 'Commando', 'John MacDonald': 'Commando', 'Pedro Salvín': 'Tough Guy Leader', 'Jason Burke': 'Communications Officer', 'Joris Jarsky': 'Soldier', 'Arnold Pinnock': 'Soldier', 'Tig Fong': 'Cop', 'Maxwell McCabe-Lokos': 'Cab Driver', 'Wayne Robson': 'Boat Captain', 'Martin Starr': 'Computer Nerd', 'Michael Kenneth Williams': 'Harlem Bystande', 'Rickson Gracie': 'Aikido Instructor', 'Genelle Williams': 'Terrified Gal', 'Desmond Campbell': 'Gunner', 'Tony Nappo': 'Brave Cop', 'Aaron Berg': 'Soldier', 'David Meunier': 'Soldier', 'Stan Lee': 'Milwaukee Man Drinking from Bottle (uncredited)', 'Robert Downey Jr.': 'Tony Stark (uncredited)', 'Max Topplin': '(uncredited)', 'Dylan Taylor': 'Keg Guy (uncredited)'}",['Louis Leterrier'],"['Marvel Studios', 'Valhalla Motion Pictures']",150000000,163712074,0,10,1.0,0.014377289377289377,0.016025641025641024,0.02261904761904762,0.048534798534798536,0.08122710622710623,0.1835164835164835,0.225,0.22445054945054946,0.08168498168498169,0.10256410256410256,6.947069597069597,7.0,0.6680672268907564
28,ant-man,tt0478970,2015-07-14,"{'Paul Rudd': 'Scott Lang / Ant-Man', 'Michael Douglas': 'Dr. Hank Pym', 'Evangeline Lilly': 'Hope van Dyne', 'Bobby Cannavale': 'Jim Paxton', 'Corey Stoll': 'Darren Cross / Yellowjacket', 'Anthony Mackie': 'Sam Wilson / Falcon', 'Judy Greer': 'Maggie', 'Abby Ryder Fortson': 'Cassie Lang', 'Michael Peña': 'Luis', 'David Dastmalchian': 'Kurt', 'T.I.': 'Dave', 'Wood Harris': 'Gale', 'Hayley Atwell': 'Peggy Carter', 'John Slattery': 'Howard Stark', 'Martin Donovan': 'Mitchell Carson', 'Garrett Morris': 'Car Driver', 'Gregg Turkington': 'Dale', 'Rod Hallett': 'Hydra Buyer', 'Joe Chrest': 'Frank', 'Joe Bucaro III': 'Buyer', 'Jean Louisa Kelly': 'Buyer', 'Dax Griffin': 'Young Pym', 'Hayley Lovitt': 'Janet van Dyne / The Wasp', 'Anna Akana': 'Writer', 'Stan Lee': 'Bartender', 'Tom Kenny': 'Hideous Rabbit (voice)', 'Neko Parham': 'Pool BBQ Dad', 'Onira Tarés': 'Pool BBQ Mom', 'Kylen Davis': 'Pool BBQ Kid', 'Jim R. Coleman': 'Pym Tech Gate Guard', 'Desmond Phillips': 'Pym Tech Security Guard', 'Rus Blackwell': 'Superior Officer', 'Johnny Pemberton': 'Ice Cream Store Customer', 'Carlos Aviles': 'Carlos', 'Lyndsi LaRose': 'Emily', 'Robert Crayton': 'Peachy', 'Casey Pieretti': 'Armed Guard', 'Antal Kalik': 'Lab Guard', 'Reuben Langdon': 'Lab Guard', 'Zack Duhame': 'Beta Guard', 'Danny Vasquez': 'Ignacio', 'Rick Avery': 'Helicopter Pilot', 'Chris Evans': 'Steve Rogers / Captain America (uncredited)', 'Vanessa Ross': 'Jogger (uncredited)', 'Sebastian Stan': ""James 'Bucky' Barnes / Winter Soldier (uncredited)""}",['Peyton Reed'],['Marvel Studios'],130000000,519311965,4,4,1.0,0.009868421052631578,0.007283834586466165,0.007518796992481203,0.01856203007518797,0.03218984962406015,0.08693609022556391,0.15437030075187969,0.31109022556390975,0.15589755639097744,0.21628289473684212,7.939027255639097,8.0,0.8323529411764706
29,captain-america-the-first-avenger,tt0458339,2011-07-22,"{'Chris Evans': 'Steve Rogers / Captain America', 'Tommy Lee Jones': 'Chester Phillips', 'Hugo Weaving': 'Johann Schmidt / Red Skull', 'Hayley Atwell': 'Peggy Carter', 'Sebastian Stan': ""James Buchanan 'Bucky' Barnes"", 'Dominic Cooper': 'Howard Stark', 'Toby Jones': 'Dr. Arnim Zola', 'Neal McDonough': ""Timothy 'Dum Dum' Dugan"", 'Derek Luke': 'Gabe Jones', 'Bruno Ricci': 'Jacques Dernier', 'JJ Feild': 'James Montgomery Falsworth', 'Kenneth Choi': 'Jim Morita', 'Richard Armitage': 'Heinz Kruger', 'Stanley Tucci': 'Abraham Erskine', 'Samuel L. Jackson': 'Nick Fury', 'Lex Shrapnel': 'Gilmore Hodge', 'Michael Brandon': 'Senator Brandt', 'Natalie Dormer': 'Private Lorraine', 'Oscar Pearce': 'Search Team Leader', 'William Hope': 'SHIELD Lieutenant', 'Nicholas Pinnock': 'SHIELD Tech', 'David Bradley': 'Tower Keeper', 'Sam Hoare': 'Nervous Recruit', 'Simon Kunz': '4F Doctor', 'Jenna Coleman': 'Connie', 'Sophie Colquhoun': 'Bonnie', 'Ben Batt': 'Enlistment Office MP', 'David McKail': ""Johann Schmidt's Artist"", 'Amanda Walker': 'Antique Store Owner', 'Marcello Walton': 'Undercover Bum', 'Jan Pohl': 'Hutter', 'Rosanna Hoult': 'The Star Spangled Singer', 'Laura Haddock': 'Autograph Seeker', 'James Payton': ""'Adolph Hitler'"", 'Ronan Raftery': 'Army Heckler', 'Nick Hendrix': 'Army Heckler', 'Jack Gordon': 'Army Heckler', 'Amanda Righetti': 'SHIELD Agent', 'Stan Lee': 'General (uncredited)'}",['Joe Johnston'],['Marvel Studios'],140000000,370569774,1,6,1.0,0.01710772520716386,0.01808785529715762,0.02156286197986278,0.04517508687516707,0.06825269535774749,0.15307849950993496,0.20449077786688052,0.25358638510202264,0.10157711841753542,0.11708099438652766,7.103537378597523,7.0,0.7956204379562044
30,guardians-of-the-galaxy,tt2015381,2014-07-30,"{'Chris Pratt': 'Peter Quill / Star-Lord', 'Zoe Saldaña': 'Gamora', 'Dave Bautista': 'Drax the Destroyer', 'Vin Diesel': 'Groot (voice)', 'Bradley Cooper': 'Rocket (voice)', 'Lee Pace': 'Ronan the Accuser', 'Michael Rooker': 'Yondu Udonta', 'Karen Gillan': 'Nebula', 'Djimon Hounsou': 'Korath', 'John C. Reilly': 'Corpsman Dey', 'Glenn Close': 'Nova Prime', 'Benicio del Toro': 'Taneleer Tivan / The Collector', 'Laura Haddock': 'Meredith Quill', 'Sean Gunn': 'Kraglin / On Set Rocket', 'Peter Serafinowicz': 'Denarian Saal', 'Christopher Fairbank': 'The Broker', 'Wyatt Oleff': 'Young Quill', 'Gregg Henry': 'Grandpa', 'Melia Kreiling': 'Bereet', 'Tom Proctor': 'Horuz', 'Max Wrottesley': 'Sacrificed Nova Corpsman', 'Stan Lee': ""Xandarian Ladies' Man"", 'Nicole Alexandra Shipley': 'Pretty Xandarian', 'Sharif Atkins': 'Nova Arresting Pilot', 'Brendan Fehr': ""Corpsman Dey's Partner"", 'Tomas Arana': 'Kree Ambassador', 'Mikaela Hoover': ""Nova Prime's Assistant"", 'Emmett Scanlan': 'Head Riot Guard', 'Spencer Wilding': 'Mean Guard', 'Alexis Rodney': 'Moloka Dar', 'Nathan Fillion': 'Monstrous Inmate', 'Keeley Forsyth': 'Mottled Prisoner', 'Alexis Denisof': 'The Other', 'Enzo Cilenti': 'Watchtower Guard', 'Ene Frost': 'Rifle Guard', 'Ophelia Lovibond': 'Carina', 'Laura Ortiz': 'Tortured Pink Girl', 'Marama Corlett': 'Pit Boss', 'Stephen Blackehart': 'Knowhere Dispatcher', 'Ralph Ineson': 'Ravager Pilot', 'Rob Zombie': 'Ravager Navigator (voice)', 'John Brotherton': 'Nova Starblaster Pilot', 'Graham Shiels': 'Alien Nova Pilot', 'James Gunn': 'Maskless Sakaaran', 'David Yarovesky': 'Goth Ravager', 'Josh Brolin': 'Thanos (uncredited)', 'Lloyd Kaufman': 'Prisoner (uncredited)', 'Tyler Bates': 'Ravager Pilot (uncredited)', 'Seth Green': 'Howard the Duck (voice) (uncredited)'}",['James Gunn'],['Marvel Studios'],170000000,772776600,9,2,1.0,0.017691105076935738,0.013741463013247758,0.009462684110919115,0.01736196823829507,0.020571052415041553,0.045996873200032914,0.06780218875997696,0.17592364025343538,0.19081708220192545,0.4406319427301901,8.527524068131326,9.0,0.9174041297935103
31,captain-america-the-winter-soldier,tt1843866,2014-03-20,"{'Chris Evans': 'Steve Rogers / Captain America', 'Scarlett Johansson': 'Natasha Romanoff / Black Widow', 'Sebastian Stan': ""James 'Bucky' Barnes / Winter Soldier"", 'Anthony Mackie': 'Sam Wilson / Falcon', 'Cobie Smulders': 'Maria Hill', 'Frank Grillo': 'Brock Rumlow', 'Emily VanCamp': 'Kate / Agent 13', 'Hayley Atwell': 'Peggy Carter', 'Robert Redford': 'Alexander Pierce', 'Samuel L. Jackson': 'Nick Fury', 'Toby Jones': 'Dr. Arnim Zola', 'Jenny Agutter': 'Councilwoman Hawley', 'Maximiliano Hernández': 'Jasper Sitwell', 'Georges St-Pierre': 'Georges Batroc', 'Callan Mulvey': 'Jack Rollins', 'Alan Dale': 'Councilman Rockwell', 'Chin Han': 'Councilman Yen', 'Bernard White': 'Councilman Singh', 'Stan Lee': 'Smithsonian Guard', 'Garry Shandling': 'Senator Stern', 'Salvator Xuereb': 'French Pirate #1', 'Zack Duhame': 'Engine Pirate', ""Adetokumboh M'Cormack"": 'French Radio Pirate', 'Aaron Himelstein': 'Launch Tech #1', 'Joe Russo': 'Dr. Fine', 'Christopher Markus': 'SHIELD Interrogator #1', 'Stephen McFeely': 'SHIELD Interrogator #2', 'Pat Healy': 'Scientist #1', 'Ed Brubaker': 'Scientist #2', 'D.C. Pierson': 'Apple Employee', 'Danny Pudi': 'Com Tech #1', 'Branka Katić': 'Renata', 'Jon Sklaroff': 'Charlie XO', 'Chad Todhunter': 'Charlie Weapons Tech', 'Abigail Marlowe': 'SHIELD Tech', 'Emerson Brooks': 'Senior SHIELD Agent', 'Evan Parke': 'SHIELD Agent', 'Eddie J. Fernandez': 'Strike Agent', 'Steven Culp': 'Scudder', 'Wendy Hoopes': 'Doctor', 'Ethan Rains': 'Lead EMT', 'Dominic Rains': 'CIA Instructor', 'Robert Clotworthy': 'Fury Car Voice (voice)', 'June Christopher': 'SHIELD Computer (voice)', 'Gary Sinise': 'The Smithsonian Narrator (voice)', 'Henry Goodman': 'Dr. List (uncredited)', 'Thomas Kretschmann': 'Baron Wolfgang von Strucker (uncredited)', 'Elizabeth Olsen': 'Wanda Maximoff / Scarlet Witch (uncredited)', 'Nestor Serrano': 'Committee General (uncredited)', 'Aaron Taylor-Johnson': 'Pietro Maximoff / Quicksilver (uncredited)', 'Joss Whedon': 'Man on escalator in museum (uncredited)'}","['Anthony Russo', 'Joe Russo']",['Marvel Studios'],170000000,714766572,1,6,0.4523777265953123,0.005570530098831986,0.005570530098831986,0.005300988319856244,0.011769991015274034,0.014914645103324348,0.04483378256963163,0.07816711590296496,0.22129380053908357,0.21078167115902965,0.4017969451931716,8.655795148247979,9.0,0.9006410256410257
32,ant-man-and-the-wasp,tt5095030,2018-07-04,"{'Paul Rudd': 'Scott Lang / Ant-Man', 'Evangeline Lilly': 'Hope van Dyne / Wasp', 'Michael Peña': 'Luis', 'Walton Goggins': 'Sonny Burch', 'Bobby Cannavale': 'Paxton', 'Judy Greer': 'Maggie', 'T.I.': 'Dave', 'David Dastmalchian': 'Kurt', 'Hannah John-Kamen': 'Ava Starr / Ghost', 'Abby Ryder Fortson': 'Cassie', 'Randall Park': 'Jimmy Woo', 'Michelle Pfeiffer': 'Janet van Dyne / Wasp', 'Laurence Fishburne': 'Dr. Bill Foster', 'Michael Douglas': 'Dr. Hank Pym', 'Divian Ladwa': 'Uzman', 'Goran Kostić': 'Anitolov', 'Rob Archer': 'Knox', 'Benjamin Byron Davis': 'Agent Burleigh', 'Michael Cerveris': 'Elihas Starr', 'Riann Steele': 'Catherine Starr', 'Dax Griffin': 'Young Hank', 'Hayley Lovitt': 'Young Janet', 'Langston Fishburne': 'Young Bill', 'Madeleine McGraw': 'Young Hope', 'Tim Heidecker': 'Whale Boat Captain Daniel Goobler', 'Stan Lee': 'Shrinking Car Owner', 'Brian Huskey': 'Elementary School Teacher', 'Julia Vera': ""Luis' Abuelita"", 'Darcy Shean': 'Nanny', 'Jon Wurster': ""Burch's SUV Driver"", 'Joshua Mikel': ""Burch's Bodyguard (uncredited)"", 'Chris Gann': 'FBI Agent (uncredited)', 'Denney Pierce': 'Flatbed Truck Driver (uncredited)', 'Vanessa Ross': 'Hot Jogger (uncredited)'}",['Peyton Reed'],['Marvel Studios'],140000000,622674139,4,4,0.6784988483945265,0.02566371681415929,0.01710914454277286,0.016224188790560472,0.04070796460176991,0.052507374631268436,0.11238938053097346,0.17935103244837758,0.2168141592920354,0.12182890855457228,0.21740412979351031,7.468731563421828,8.0,0.87248322147651
